CODE EONE;CODE SAP
24764;20417
21948;20419
24772;20420
21951;20421
24774;20422
21956;20423
21957;20424
24781;20425
24789;20426
24791;20427
24802;20428
24805;20429
24811;20430
24824;20431
24825;20432
24828;20433
22006;20434
22011;20436
22027;20437
22034;20438
24844;20439
22040;20441
24863;20443
24865;20444
24878;20446
24879;20448
24889;20449
22057;20450
24890;20451
24895;20452
22074;20453
22078;20454
24915;20455
22084;20456
24922;20457
24927;20458
24929;20460
24931;20461
24939;20462
24940;20463
24949;20464
22098;20465
22102;20466
24958;20467
22105;20468
24963;20469
22109;20470
24966;20471
22119;20473
22121;20474
24973;20475
22123;20476
24974;20477
22138;20478
24982;20479
22139;20480
22141;20481
24995;20482
22144;20483
24998;20484
24999;20485
25000;20486
22152;20489
25015;20490
25016;20491
22160;20492
25021;20493
25028;20494
22168;20495
25037;20497
25039;20498
22176;20501
22177;20502
22183;20503
22185;20504
25063;20505
22194;20506
25074;20507
22202;20508
25087;20510
25089;20511
25095;20512
25113;20514
25118;20515
25130;20516
25133;20517
25140;20518
25174;20520
22246;20521
22253;20523
25208;20525
22260;20526
25209;20527
22264;20528
25212;20529
22269;20530
22274;20531
22278;20532
22284;20533
22290;20534
25243;20535
25247;20536
22304;20537
22305;20538
25252;20539
25257;20540
22315;20541
25274;20544
25287;20545
25289;20546
22339;20547
22340;20548
25297;20549
22345;20550
22346;20551
22347;20552
22354;20554
25311;20555
22359;20556
22362;20557
25320;20558
22384;20559
22388;20560
22389;20561
25335;20562
25340;20563
22400;20564
25351;20565
22405;20566
25352;20567
25353;20568
25354;20569
22409;20570
25357;20571
25368;20572
25370;20573
22418;20574
25372;20575
25375;20576
22422;20577
22428;20579
25382;20580
25397;20582
22444;20583
22448;20584
25401;20585
22450;20586
25402;20587
25404;20588
25406;20589
25407;20590
25415;20593
22463;20596
25432;20597
25434;20598
22470;20599
22471;20600
22475;20601
22479;20602
25439;20603
25440;20604
25448;20605
25450;20606
25458;20609
25469;20610
25475;20612
25479;20613
25483;20614
22510;20615
25493;20616
22516;20617
22518;20618
22520;20619
22521;20620
22523;20621
22528;20622
22530;20623
22531;20624
25505;20625
25507;20626
25509;20627
22543;20628
22544;20629
25517;20631
25521;20632
22548;20633
25522;20634
25525;20635
22555;20636
25533;20638
22561;20639
25537;20640
25538;20641
25544;20642
22582;20645
22592;20647
22598;20648
22600;20649
25562;20650
22607;20651
25564;20652
25568;20653
25580;20656
25581;20657
25583;20658
25584;20659
25596;20660
25600;20661
25601;20662
25602;20663
25603;20664
25604;20665
25606;20666
25610;20667
22634;20668
25617;20669
25618;20670
25627;20672
22647;20673
25632;20674
22658;20676
22659;20677
25641;20678
22661;20679
22665;20681
22676;20682
22679;20683
25659;20685
25666;20686
22692;20687
25682;20688
22701;20689
25701;20692
25703;20693
25709;20694
22725;20695
25716;20696
25719;20697
22729;20698
25725;20700
22744;20701
25738;20702
22749;20703
22755;20704
22758;20705
25749;20706
25753;20707
25755;20708
22768;20710
25766;20713
25773;20714
25781;20716
25783;20717
25788;20718
25789;20719
25791;20721
22797;20723
25800;20724
22805;20725
25813;20727
25816;20728
25836;20730
25839;20731
22825;20732
25842;20733
22833;20734
22835;20735
22841;20739
22843;20740
22848;20742
25864;20743
22852;20744
25869;20745
25875;20746
25880;20748
25882;20749
22864;20750
25889;20751
25892;20752
22875;20753
25896;20754
25900;20755
22880;20756
25902;20757
22885;20758
22905;20762
22909;20763
25930;20764
22923;20765
25938;20766
25939;20767
25941;20769
25948;20772
25949;20773
25957;20775
22941;20777
25966;20780
25967;20781
25969;20782
25973;20783
22951;20784
22952;20785
25987;20786
25995;20787
48042;20788
22979;20789
22981;20790
26016;20791
26017;20792
26018;20793
26020;20794
26023;20795
26025;20796
26032;20797
22997;20799
26043;20800
23006;20802
26055;20803
26068;20804
26079;20805
23035;20806
23037;20807
26087;20808
26091;20809
26092;20810
23054;20811
26096;20812
26098;20813
26104;20815
23065;20816
26107;20817
26108;20818
23068;20819
26109;20820
26113;20821
26114;20822
26116;20823
23080;20825
26128;20827
23087;20829
23089;20830
26141;20831
23091;20832
26144;20833
26145;20834
23102;20836
23103;20837
23104;20838
23105;20839
26158;20840
23123;20841
23128;20843
23141;20845
26187;20846
26189;20847
26193;20848
26198;20849
26200;20850
23181;20851
26214;20852
26217;20853
23191;20854
26223;20856
26225;20857
23200;20858
26234;20859
26241;20860
23219;20861
26256;20862
26259;20863
23231;20864
26262;20865
23232;20866
26265;20867
23239;20868
23246;20869
23257;20871
23261;20872
23262;20873
26268;20874
23268;20875
26282;20877
26283;20878
26290;20879
23297;20882
26330;20884
23315;20885
26337;20886
26343;20887
23333;20888
23337;20889
23343;20890
23344;20891
26367;20892
26373;20893
26374;20894
26375;20895
26385;20897
26390;20899
26396;20900
26397;20901
23364;20902
26405;20905
26406;20906
23377;20907
26417;20908
23380;20909
26419;20910
26422;20911
23389;20912
26427;20913
23393;20914
23395;20915
26434;20916
26439;20917
23404;20918
23406;20919
23413;20920
26455;20922
23423;20924
23429;20925
23438;20926
23442;20928
26474;20929
23456;20930
26492;20932
23464;20933
23466;20934
26494;20935
26496;20936
26504;20937
26510;20938
26515;20939
23490;20940
26521;20942
23498;20943
26529;20944
26530;20945
23500;20946
26531;20947
26536;20948
23511;20950
26542;20951
26555;20953
26556;20954
26560;20956
26561;20957
23523;20958
26563;20959
23532;20960
26574;20961
26575;20962
26576;20963
23540;20964
23541;20965
23543;20966
23560;20968
26598;20971
26609;20973
26616;20974
23580;20975
23581;20976
26618;20977
26619;20978
23583;20979
26621;20980
23592;20981
23599;20982
23603;20983
23606;20984
26630;20986
26648;20989
23617;20990
26665;20993
26667;20994
23636;20995
23638;20996
23643;20997
26683;20999
26694;21001
26706;21002
26707;21003
23675;21004
26708;21005
26731;21007
26735;21008
26739;21011
26742;21013
23692;21014
26749;21015
26750;21016
23698;21017
23699;21018
23701;21019
23703;21020
26757;21021
23706;21022
26761;21023
26764;21024
26767;21025
26768;21026
23723;21029
26792;21030
26794;21031
23732;21032
26798;21033
26803;21035
23742;21036
26808;21037
26825;21039
23755;21040
23756;21041
26842;21043
26844;21044
26847;21045
26850;21046
26883;21047
26884;21048
23801;21049
26908;21050
26918;21051
26933;21053
23824;21054
26948;21055
26952;21056
26963;21058
26964;21059
26971;21060
26973;21061
26974;21062
23843;21063
26979;21064
26984;21065
26997;21066
26998;21067
27009;21068
27016;21070
27017;21071
27018;21072
27023;21073
27025;21074
27040;21076
23877;21077
27044;21078
27059;21080
27075;21082
27078;21083
27091;21085
27092;21086
27093;21087
27095;21088
27096;21089
27100;21090
27101;21091
23915;21093
23923;21094
27125;21096
27127;21098
27134;21099
27138;21100
27140;21101
27143;21103
23995;21104
23996;21106
27150;21107
27162;21109
27173;21110
27178;21112
27181;21113
24011;21114
27193;21115
24024;21116
24031;21119
24041;21122
24052;21123
27225;21124
24064;21125
27249;21127
27264;21128
24089;21129
27276;21131
27277;21132
27278;21133
27288;21136
27292;21137
24105;21138
27299;21139
27303;21141
24115;21142
27306;21143
24129;21144
24135;21145
24137;21146
27320;21147
27321;21148
27322;21149
27325;21151
27337;21152
27344;21153
27363;21154
27373;21156
27398;21159
27401;21160
27409;21161
27413;21162
24207;21164
24227;21167
27445;21168
24234;21169
27466;21171
24242;21172
27467;21173
24246;21175
24250;21176
27492;21177
24267;21179
27499;21180
24283;21182
24293;21184
27539;21186
27548;21188
24330;21191
24336;21192
27580;21193
27584;21194
24359;21196
27597;21197
27614;21199
24376;21201
24382;21202
27656;21203
27683;21206
27690;21208
27700;21209
24429;21212
27728;21213
27730;21214
27745;21216
27748;21218
27749;21219
27769;21222
24468;21223
27783;21225
24478;21226
24482;21227
27800;21229
27802;21230
27811;21231
27820;21232
36124;21270
36133;21271
36126;21272
36142;21273
36165;21274
36188;21275
36177;21276
36220;21277
36289;21278
36328;21279
36391;21280
36470;21281
36479;21282
36481;21283
36570;21284
36598;21285
36600;21286
36679;21287
36681;21288
36707;21289
36809;21290
36864;21291
36884;21292
36915;21294
36917;21296
37034;21298
37040;21300
21491;21301
37203;21302
37493;21304
37515;21305
37651;21306
37655;21307
37658;21308
37900;21311
38048;21312
38057;21313
38147;21314
38176;21316
38178;21317
38226;21318
38237;21320
38260;21321
38317;21322
38394;21323
38493;21324
38507;21325
38509;21326
38511;21327
38722;21333
38742;21335
38774;21336
38822;21337
38844;21338
38858;21339
38972;21340
39101;21341
39138;21342
39152;21343
39156;21344
39226;21345
39259;21346
39355;21347
39357;21348
39454;21349
39868;21351
39980;21352
40212;21353
40263;21354
40265;21355
40360;21357
40921;21360
40931;21361
41079;21362
41082;21363
25399;21364
41342;21365
41344;21366
41368;21367
41391;21368
41895;21369
41927;21370
41930;21371
41946;21372
41948;21373
41953;21374
42031;21376
42053;21377
42086;21379
42098;21380
42104;21381
42116;21383
42122;21384
42138;21386
42144;21387
42169;21388
42187;21389
42189;21390
42242;21391
42245;21392
42256;21393
42264;21394
42272;21395
42279;21396
42285;21397
42289;21399
42297;21400
42300;21401
42320;21403
42342;21404
42361;21407
42379;21409
42409;21411
42445;21412
42447;21413
42473;21416
42480;21418
42500;21419
42507;21420
42530;21422
42562;21423
42573;21424
42584;21426
42587;21427
42611;21428
42641;21434
44212;21435
42669;21436
42692;21438
42703;21439
42711;21441
42714;21442
42731;21444
42744;21446
42760;21447
42767;21449
42782;21451
42790;21452
42793;21453
42808;21454
42820;21456
42822;21457
42826;21458
42832;21459
42858;21461
42871;21463
42886;21465
42889;21466
42938;21469
51668;21470
42957;21471
42973;21474
42975;21475
42981;21477
42984;21478
43482;21479
43484;21480
43496;21481
43565;21487
43571;21488
43577;21489
43598;21492
43601;21493
43629;21494
43647;21495
43687;21498
43689;21499
43703;21500
43707;21501
43718;21502
43720;21503
43731;21504
43747;21505
43770;21506
43787;21508
43824;21510
43833;21512
43839;21513
43859;21515
43874;21516
43879;21517
43881;21518
43898;21522
43905;21524
43909;21526
43926;21529
43930;21530
43968;21535
43974;21536
43976;21537
43987;21538
43998;21539
44010;21541
44013;21542
44015;21543
44031;21544
44053;21546
44055;21547
44096;21549
44110;21550
44112;21551
44120;21554
44145;21555
44147;21556
44177;21558
44183;21559
44191;21560
44206;21562
44213;21563
44257;21567
44259;21568
44272;21571
44281;21572
44285;21573
44297;21574
44307;21575
44319;21577
44336;21578
44337;21579
44342;21580
44351;21583
44365;21584
44373;21585
44393;21586
44401;21587
44472;21589
44739;21591
44749;21592
44767;21594
44770;21595
44776;21596
44778;21597
44788;21598
44791;21599
44818;21600
44823;21601
44829;21603
44833;21604
44856;21606
44868;21608
44872;21609
44877;21611
44879;21612
44893;21613
44900;21614
44950;21619
44958;21620
44965;21621
44968;21622
44973;21623
44999;21624
45010;21626
45065;21628
45069;21630
45071;21631
45092;21632
45105;21634
45112;21635
45118;21636
45131;21637
45183;21641
45215;21643
45224;21644
45244;21645
45259;21647
45261;21648
45271;21649
45273;21650
45277;21651
45289;21655
45302;21656
45307;21657
45313;21658
45320;21660
45347;21664
45354;21665
45360;21666
45362;21667
45364;21668
45368;21669
45373;21670
45406;21672
45431;21674
45446;21675
45448;21676
45452;21677
45459;21678
45469;21680
45475;21681
45481;21682
45490;21684
45498;21685
45519;21686
45523;21687
45544;21688
45550;21689
45562;21690
45575;21691
45579;21692
45596;21693
45621;21696
45626;21697
45629;21698
45635;21699
45637;21700
45644;21701
45651;21703
45675;21706
45680;21707
45685;21709
45698;21711
45753;21714
45761;21716
45765;21718
45774;21719
45792;21721
45804;21722
45809;21723
45811;21724
45823;21725
45859;21727
45882;21730
45884;21731
45894;21732
45900;21734
45910;21735
46192;21737
46430;21741
46437;21742
46441;21743
46448;21746
46466;21748
46495;21750
46499;21752
46501;21753
46528;21755
46538;21756
46547;21758
46557;21759
46590;21760
46622;21762
46624;21763
46645;21764
46661;21765
46663;21766
46711;21768
46718;21769
46721;21770
46731;21771
46741;21774
46775;21776
46791;21777
46802;21778
46817;21781
46833;21782
46818;21787
46885;21789
46923;21790
46965;21801
47001;21803
47011;21804
47030;21806
47049;21809
47055;21810
47057;21811
47075;21813
47101;21816
47121;21818
47203;21824
47209;21825
47211;21826
47214;21827
47222;21828
47225;21829
47240;21830
47244;21832
47325;21836
47329;21837
47331;21838
47344;21839
47355;21841
47380;21843
47393;21845
47405;21846
47412;21848
47418;21850
47434;21852
47448;21854
47470;21856
47489;21859
47496;21860
47502;21861
47511;21863
47518;21864
47525;21865
47529;21867
47532;21868
47535;21869
47537;21870
47541;21871
47550;21872
47558;21874
47573;21876
47600;21877
47609;21878
47643;21883
47667;21885
47702;21888
47710;21890
47712;21891
47724;21892
47731;21893
47739;21894
47741;21895
47745;21896
47759;21898
47765;21899
47792;21904
47812;21906
47842;21909
47846;21910
47871;21911
47894;21912
47933;21914
47948;21916
47950;21917
47957;21918
47960;21919
47965;21920
47993;21921
48007;21922
48013;21923
48015;21924
48017;21925
48030;21927
48040;21928
48056;21930
48061;21931
48073;21933
48081;21934
48084;21935
48087;21936
48102;21939
48104;21940
48119;21943
48126;21945
48131;21946
48139;21948
48141;21949
48143;21950
48153;21951
48156;21952
48159;21953
48178;21954
48182;21955
48197;21957
48207;21959
48239;21963
48242;21964
48256;21968
48258;21969
48266;21971
48270;21972
48273;21973
48283;21974
48291;21975
48298;21977
48304;21979
48307;21980
48325;21982
48329;21984
48348;21987
48354;21988
48383;21990
48395;21991
48397;21992
48404;21994
48405;21995
48424;21999
48437;22000
48440;22001
48453;22002
48455;22003
48457;22004
48473;22005
48477;22006
48501;22008
48515;22010
48521;22011
48529;22012
48543;22013
48550;22014
48553;22015
48558;22016
48570;22018
48581;22019
48596;22021
48598;22022
48618;22024
48641;22027
48651;22028
48653;22029
48657;22030
48669;22033
48671;22034
48675;22035
48677;22036
48685;22037
48689;22038
48705;22039
48745;22044
48757;22047
48760;22048
48773;22050
48843;22052
48858;22055
48864;22056
48884;22059
48893;22060
48897;22062
48925;22063
48927;22064
48935;22066
48951;22067
48950;22068
48958;22069
48962;22070
48987;22073
48995;22074
49005;22077
49013;22079
49015;22080
49017;22081
49019;22082
49028;22084
49036;22085
49038;22086
49045;22088
49051;22089
49059;22090
49068;22091
49071;22092
49078;22093
49095;22095
49100;22096
49110;22097
49115;22098
49121;22099
49138;22100
49139;22101
49150;22102
49162;22103
49173;22105
49178;22106
49188;22107
49191;22108
49209;22111
49216;22113
49222;22114
49255;22120
49276;22121
49307;22122
49309;22123
49316;22125
49325;22128
49327;22129
49331;22130
27087;22131
23910;22132
49352;22137
49362;22140
49368;22141
49378;22143
49382;22144
49385;22145
49396;22146
49408;22149
49410;22150
49412;22151
49414;22152
49424;22153
49436;22155
49452;22158
49468;22161
49472;22163
49483;22164
49492;22166
49495;22167
49501;22168
49553;22171
49558;22173
49562;22174
49564;22175
49574;22176
49590;22177
49597;22178
49601;22179
49613;22180
49615;22181
49632;22183
49636;22184
49654;22186
49659;22188
49675;22191
49682;22193
49707;22197
49719;22198
49724;22200
49726;22201
49732;22203
49735;22204
49737;22205
49747;22208
49749;22209
49754;22211
49769;22214
49772;22215
49776;22216
49782;22218
49795;22219
49799;22220
49806;22222
49808;22223
49817;22224
49819;22225
49821;22226
49863;22231
49865;22232
49877;22234
49890;22235
49894;22236
49926;22240
49942;22243
49958;22244
49982;22248
49989;22249
49991;22250
50002;22251
50029;22254
50045;22258
50050;22259
50052;22260
50069;22265
50093;22268
50117;22273
50126;22274
50128;22275
50139;22276
50152;22277
50181;22283
50190;22284
50192;22285
50206;22286
50210;22288
50227;22290
50231;22291
50235;22293
50237;22294
50287;22301
50289;22302
50291;22303
50295;22304
50301;22305
50306;22306
50308;22307
50313;22309
50315;22310
50317;22311
50319;22312
50321;22313
50345;22317
50347;22318
50351;22319
50363;22320
50384;22321
50392;22323
50396;22325
50398;22326
50402;22328
50412;22330
50414;22331
50433;22334
50439;22336
50442;22337
50445;22338
50455;22342
50463;22343
50466;22344
50473;22346
50480;22348
50482;22349
50493;22351
50507;22352
50512;22353
50527;22355
50529;22356
50538;22358
50540;22359
50545;22361
50557;22364
50561;22366
50569;22368
50588;22373
50590;22374
50599;22377
50613;22378
50615;22379
50617;22380
50634;22385
50644;22387
50663;22389
50665;22390
50671;22391
50679;22394
50681;22395
50683;22396
50686;22397
50707;22398
50712;22399
50716;22401
50723;22402
50731;22403
50733;22404
50737;22405
50742;22406
50754;22407
50756;22408
50758;22409
50760;22410
50762;22411
50765;22412
50767;22413
50769;22414
50772;22415
50776;22416
50780;22417
50779;22418
50787;22420
50791;22421
50805;22424
50810;22425
50812;22426
50814;22427
50823;22430
50850;22434
50854;22435
50856;22436
50860;22438
50862;22439
50887;22441
50891;22442
50908;22445
50910;22446
50917;22448
50921;22450
50923;22451
50958;22452
50961;22453
50984;22456
50988;22457
50994;22458
50997;22459
50999;22460
51001;22461
51007;22464
51018;22467
51044;22474
51048;22475
51054;22476
51056;22477
51067;22480
51072;22481
51099;22486
51101;22487
51103;22488
51108;22489
51110;22490
51112;22491
51115;22492
51120;22493
51122;22494
51128;22495
51130;22496
51132;22497
51145;22500
51147;22501
51167;22503
51174;22504
51162;22505
51177;22506
51181;22507
51197;22511
51210;22513
51212;22514
51239;22518
51243;22519
51249;22521
51254;22522
51265;22524
51281;22525
51288;22526
51316;22532
51318;22533
51322;22535
51326;22537
51332;22539
51334;22540
51338;22541
51346;22542
51363;22545
51369;22546
51372;22547
51374;22548
51376;22549
51390;22550
51415;22554
51426;22559
51435;22562
51441;22563
51443;22564
51457;22566
51464;22569
51470;22571
51472;22572
51475;22573
51484;22574
51490;22575
51501;22576
51507;22578
51511;22579
51519;22580
51521;22581
51535;22584
51537;22585
51541;22586
51573;22587
51575;22588
51578;22589
51583;22591
51585;22592
51610;22595
51613;22596
51615;22597
51617;22598
51636;22602
51643;22603
51650;22604
51665;22606
51667;22607
51671;22608
51690;22610
51695;22611
51698;22612
51705;22614
51707;22615
51724;22618
51735;22620
51738;22621
51742;22622
51753;22624
51770;22626
51780;22628
51783;22629
51819;22631
51861;22638
51865;22639
51870;22640
51882;22642
51906;22647
51914;22649
51919;22650
51922;22651
51925;22652
51927;22653
51939;22654
51979;22657
51973;22658
51989;22659
52002;22662
52022;22664
52025;22665
52027;22666
52031;22667
52047;22670
52062;22672
52067;22673
52072;22674
52076;22675
52078;22676
52090;22679
52089;22680
52102;22681
52113;22683
52115;22684
52117;22685
52120;22686
52129;22688
52131;22690
52140;22691
52145;22692
52148;22693
52167;22697
52171;22699
52173;22700
52193;22703
52208;22706
52231;22708
52242;22711
52248;22713
52343;22716
52354;22718
52357;22719
52362;22721
52370;22722
52377;22723
52386;22724
52388;22725
52390;22726
52397;22727
52399;22728
52401;22729
52404;22730
52406;22731
52415;22732
52426;22734
52430;22736
52444;22738
52452;22741
52463;22743
52465;22744
52486;22748
52501;22753
52505;22754
52512;22755
52520;22757
52525;22758
52535;22759
52543;22763
52561;22770
52585;22773
52587;22774
52589;22775
52595;22777
52597;22778
52623;22782
52625;22783
52630;22784
52636;22785
52657;22790
52663;22791
52671;22793
52675;22794
52677;22795
52679;22796
52694;22798
52721;22805
52723;22806
52738;22807
52741;22808
52748;22810
52754;22811
52756;22812
52772;22817
52775;22818
52779;22820
52781;22821
52783;22822
52785;22823
52787;22824
52793;22827
52795;22828
52840;22830
52844;22831
52846;22832
52848;22833
52850;22834
52859;22835
52868;22836
52874;22837
52882;22840
52884;22841
52922;22842
52924;22843
52928;22845
52932;22846
52938;22848
52947;22850
52951;22852
52954;22853
52953;22854
52961;22857
52963;22858
52973;22862
52982;22864
52985;22865
52994;22867
52996;22868
52998;22869
53000;22870
53004;22871
53008;22872
53010;22873
53012;22874
53017;22876
53021;22877
53025;22879
53027;22880
53029;22881
53031;22882
53033;22883
53036;22884
53038;22885
53040;22886
53054;22889
53058;22890
53063;22892
53065;22893
53092;22898
53100;22899
53103;22900
53105;22901
53108;22902
53112;22904
53118;22907
53122;22908
53125;22909
53130;22911
53132;22912
53136;22913
53138;22914
53143;22916
53157;22922
53156;22923
53160;22924
53167;22925
53174;22927
53185;22930
53187;22931
53189;22932
53202;22935
53208;22938
53217;22940
53222;22941
53226;22943
53232;22946
53236;22947
53238;22948
53241;22949
53243;22950
53264;22953
53269;22955
53283;22959
53286;22960
53288;22961
53293;22963
53299;22966
53310;22967
53320;22971
53351;22977
53349;22978
53354;22979
53360;22982
53366;22984
53369;22985
53372;22986
53378;22987
53382;22989
53389;22992
53391;22993
53393;22994
53397;22996
53399;22997
53403;22999
53405;23000
53409;23002
53415;23003
53423;23006
53425;23007
53432;23009
53442;23011
53445;23013
53455;23014
53462;23015
53464;23016
53466;23017
53478;23019
53481;23021
53483;23022
53489;23024
53497;23026
53509;23030
53511;23031
53523;23032
53535;23034
53541;23037
53543;23038
53549;23039
53556;23041
53558;23042
53560;23043
53563;23044
53565;23045
53567;23046
53569;23047
53576;23048
53578;23049
53580;23050
53584;23051
53585;23052
53591;23054
53598;23055
53603;23057
53613;23058
53615;23059
53617;23060
53619;23061
53624;23063
53633;23065
53635;23066
53637;23067
53642;23068
53655;23071
53661;23073
53667;23076
53673;23077
53678;23079
53680;23080
53694;23082
53701;23083
53707;23085
53709;23086
53711;23087
53713;23088
53715;23089
53717;23090
53719;23091
53726;23092
53733;23093
53735;23094
53737;23095
53748;23098
53763;23101
53771;23103
53773;23104
53780;23106
53782;23107
53789;23110
53795;23111
53803;23114
53804;23115
53808;23116
53812;23118
53814;23119
53816;23120
53819;23121
53955;23123
53957;23124
53964;23125
53970;23126
53973;23127
53986;23130
53988;23131
54001;23133
54008;23135
54010;23136
54012;23137
54014;23138
54020;23139
54026;23141
54029;23142
54031;23143
54037;23144
54040;23145
54043;23146
54046;23147
54048;23148
54050;23149
54052;23150
54059;23151
54077;23152
54085;23155
54087;23156
54108;23157
54111;23158
54119;23160
54133;23162
54141;23165
54146;23167
54156;23172
54158;23173
54164;23174
54166;23175
54168;23176
54170;23177
54176;23178
54178;23179
54182;23180
54187;23182
54197;23184
54201;23185
54203;23186
54205;23187
54210;23188
54213;23189
54215;23190
54219;23192
54221;23193
54227;23196
54229;23197
54231;23198
54233;23199
54235;23200
54237;23201
54241;23203
54245;23204
54248;23205
54251;23206
54256;23207
54258;23208
54262;23209
54266;23210
54271;23212
54275;23213
54277;23214
54280;23215
54282;23216
54286;23218
54288;23219
54291;23220
54293;23221
54297;23222
54301;23223
54309;23225
54320;23228
54322;23229
54326;23230
54328;23231
54330;23232
54332;23233
54347;23236
54351;23237
54353;23238
54356;23239
54358;23240
54361;23241
54363;23242
54365;23243
54373;23247
54377;23248
54380;23249
54382;23250
54388;23252
54390;23253
54402;23254
54404;23255
54407;23256
54425;23259
54431;23260
54436;23262
54438;23263
54444;23265
54446;23266
54448;23267
54452;23268
54456;23270
54459;23271
54461;23272
54471;23277
54477;23279
54479;23280
54490;23282
54500;23285
54503;23286
54508;23287
54510;23288
54530;23289
54532;23290
54547;23294
54565;23296
54567;23297
54569;23298
54571;23299
54573;23300
54575;23301
54577;23302
54582;23303
54584;23304
54590;23307
54615;23315
54617;23316
54619;23317
54621;23318
54628;23319
54640;23321
54649;23324
54652;23325
54659;23326
54661;23327
54664;23328
54667;23329
54669;23330
54671;23331
54673;23332
54676;23333
54688;23334
54691;23335
54694;23336
54697;23337
54699;23338
54701;23339
54707;23341
54720;23343
54722;23344
54724;23345
54726;23346
54730;23347
54732;23348
54736;23349
54738;23350
54751;23353
54754;23354
54759;23355
54765;23357
54772;23358
54774;23359
54778;23361
54781;23362
54791;23363
54798;23364
54802;23365
54804;23366
54813;23367
54818;23368
54823;23369
54828;23371
54832;23372
51262;23373
54859;23376
54861;23377
54863;23378
54865;23379
54867;23380
54881;23383
54883;23384
54894;23386
54898;23388
54901;23389
54903;23390
54905;23391
54907;23392
54916;23395
54920;23397
54922;23398
54944;23402
54951;23404
54953;23405
54958;23407
54960;23408
54975;23414
54986;23415
54988;23416
54991;23417
54994;23418
54997;23419
54999;23420
55001;23421
55003;23422
55005;23423
55009;23425
55014;23426
55017;23427
55019;23428
55021;23429
55023;23430
55034;23433
55040;23435
55046;23436
55048;23437
55050;23438
55058;23439
55068;23441
55070;23442
55072;23443
55083;23446
55085;23447
55087;23448
55091;23450
55108;23452
55110;23453
55112;23454
55126;23456
55134;23458
55143;23459
55145;23460
55149;23462
55151;23463
55153;23464
55155;23465
55157;23466
55161;23467
55188;23468
55191;23469
55202;23471
55215;23472
55217;23473
55219;23474
55223;23476
55225;23477
55227;23478
55232;23479
55234;23480
55251;23481
55256;23483
55259;23484
55263;23486
55265;23487
55276;23488
55278;23489
55280;23490
55282;23491
55284;23492
55286;23493
55288;23494
55290;23495
55292;23496
55294;23497
55297;23498
55306;23500
55308;23501
55310;23502
55315;23504
55317;23505
55319;23506
55321;23507
55323;23508
55337;23510
55340;23511
55345;23512
55347;23513
55350;23514
55352;23515
55356;23517
55358;23518
55361;23519
55363;23520
55365;23521
55367;23522
55379;23525
55381;23526
55383;23527
55386;23528
55391;23530
55389;23531
55396;23533
55403;23534
55407;23536
55409;23537
55411;23538
55418;23540
55420;23541
55428;23542
55429;23543
55434;23544
55436;23545
55440;23546
55443;23547
55446;23548
55448;23549
55457;23550
55462;23551
55481;23554
55487;23557
55494;23558
55496;23559
55508;23561
55510;23562
55512;23563
55514;23564
55517;23565
55520;23566
55529;23568
55531;23569
55534;23570
55536;23571
55538;23572
55540;23573
55546;23574
55550;23575
55561;23576
55565;23577
55567;23578
55571;23580
55573;23581
55575;23582
55579;23583
55581;23584
55583;23585
55595;23587
55951;23591
55953;23592
55968;23593
55970;23594
55972;23595
55974;23596
55980;23599
56018;23604
56031;23605
56034;23606
56039;23607
56041;23608
56045;23610
56049;23611
56056;23613
56064;23614
56066;23615
56081;23618
56097;23619
56109;23620
56111;23621
56113;23622
56116;23623
56118;23624
56120;23625
56123;23626
56125;23627
56138;23630
56148;23632
56165;23634
56170;23635
56172;23636
56176;23637
56177;23638
56179;23639
56183;23640
56185;23641
56193;23642
56207;23647
56217;23652
56224;23655
56226;23656
56228;23657
56231;23658
56233;23659
56239;23660
56243;23661
56245;23662
56249;23664
56251;23665
56257;23668
56311;23681
56319;23684
56332;23690
56352;23699
56356;23700
56358;23701
56361;23702
56368;23703
56370;23704
56372;23705
56387;23707
56391;23708
56393;23709
56397;23710
56399;23711
56409;23715
56416;23716
56423;23717
56431;23720
56433;23721
56436;23723
56438;23724
56443;23726
56447;23728
56449;23729
56453;23731
56455;23732
56458;23733
56460;23734
56462;23735
56466;23736
56468;23737
56470;23738
56472;23739
56480;23741
56482;23742
56495;23744
56505;23747
56508;23748
56510;23749
56518;23750
56520;23751
56527;23754
56531;23755
56534;23756
56538;23757
56540;23758
56543;23759
56546;23760
56563;23764
56565;23765
56568;23766
56571;23768
56573;23769
56575;23770
56577;23771
56591;23773
56593;23774
56596;23775
56599;23776
56606;23781
56608;23782
56610;23783
56613;23784
56618;23785
56620;23786
56645;23788
56647;23789
56649;23790
56651;23791
56655;23792
56659;23793
56661;23794
56663;23795
56666;23796
56668;23797
56672;23798
56686;23800
56703;23801
56705;23802
56707;23803
56709;23804
56713;23805
56717;23807
56720;23808
56725;23810
56730;23811
56732;23812
56734;23813
56739;23814
56750;23817
56752;23818
56754;23819
56759;23820
56771;23821
56773;23822
56775;23823
56777;23824
56781;23825
56787;23827
56789;23828
56791;23829
56793;23830
56797;23832
56799;23833
56801;23834
56803;23835
56805;23836
56807;23837
56809;23838
56811;23839
56813;23840
56815;23841
56819;23842
56821;23843
56826;23844
56828;23845
56834;23846
56839;23847
56842;23848
56846;23849
56851;23850
56854;23851
56856;23852
56858;23853
56860;23854
56862;23855
56864;23856
56876;23857
56881;23859
56921;23861
56953;23863
56997;23865
57197;23866
57222;23867
57228;23868
57475;23869
22208;23870
23707;23871
57796;23872
57801;23873
58380;23876
23830;23877
63726;23879
63911;23881
63961;23882
63969;23883
63974;23884
64004;23885
64099;23886
64106;23887
64110;23888
64128;23889
64154;23890
64282;23892
64284;23893
64357;23894
64451;23895
64502;23896
64578;23897
67911;23898
71339;23899
73171;23900
74180;23901
74187;23902
74321;23903
74329;23904
36273;23905
74416;23906
74452;23907
74656;23908
74707;23910
74821;23911
74919;23912
75080;23914
75139;23915
75241;23916
75287;23917
75309;23918
75447;23919
76118;23921
76215;23924
76217;23925
76222;23926
76399;23927
76931;23928
76935;23929
77142;23930
77252;23931
77254;23932
77265;23933
77412;23934
77613;23935
77618;23936
77653;23937
77664;23938
77712;23939
77839;23940
77887;23941
77948;23942
78033;23944
78074;23945
78088;23946
78204;23947
78380;23948
78419;23949
78622;23950
78650;23952
78726;23954
78760;23955
78799;23956
78803;23957
78939;23958
79043;23960
79318;23963
79346;23964
79391;23965
79543;23966
79580;23967
79819;23970
79943;23971
80700;23972
80730;23973
85893;23977
86004;23978
86045;23979
86047;23980
86066;23981
86074;23982
86100;23983
86105;23984
86124;23986
26163;23987
92517;23988
92552;23989
92556;23990
93108;23991
95180;23995
95349;23999
95389;24000
95391;24001
95401;24002
95450;24004
95458;24006
95464;24007
95533;24008
95573;24009
95576;24010
95583;24011
95608;24012
95662;24013
