ANCIEN_CODE;NOUVEAU_CODE
22542;20329
22943;20333
23895;20341
24064;20352
24482;20354
25337;20360
26111;20365
26253;20366
26517;20367
27072;20371
24764;20388
21948;20390
24772;20391
21951;20392
24774;20393
21956;20394
21957;20395
24781;20396
24789;20397
24791;20398
24805;20400
24811;20401
24824;20402
24825;20403
24828;20404
22006;20405
22011;20407
22034;20409
24843;20410
24844;20411
22040;20413
24863;20415
24865;20416
24878;20417
24879;20418
24889;20419
22057;20420
24890;20421
24895;20422
22074;20423
22078;20424
24915;20425
22084;20426
24927;20428
24929;20429
24931;20430
24940;20432
24949;20433
22098;20434
22102;20435
24966;20440
22119;20441
22121;20442
24973;20443
22123;20444
24974;20445
22138;20446
24982;20447
22139;20448
22141;20449
24995;20450
22144;20451
24998;20452
24999;20453
25000;20454
22152;20455
25015;20456
22160;20458
25021;20459
25028;20460
22168;20461
25037;20463
25039;20464
22176;20467
22177;20468
22183;20469
22185;20470
25063;20471
22194;20472
25074;20473
22202;20474
25087;20476
25089;20477
25095;20478
25113;20479
25118;20480
25133;20482
25140;20483
25174;20484
22246;20485
22253;20486
25208;20488
22260;20489
25209;20490
22264;20491
25212;20492
22269;20493
22274;20494
22278;20495
22284;20496
22290;20497
25243;20498
25247;20499
22304;20500
22305;20501
25252;20502
25257;20503
22315;20504
25274;20506
25287;20507
25289;20508
22339;20509
22340;20510
25297;20511
22345;20512
22346;20513
22347;20514
22354;20516
25311;20517
22359;20518
25320;20520
22384;20521
22388;20522
22389;20523
25335;20524
25340;20525
22400;20526
25351;20527
22405;20528
25352;20529
25353;20530
25354;20531
22409;20532
25357;20533
25368;20534
25370;20535
22418;20536
25372;20537
25375;20538
22422;20539
25382;20542
25397;20544
22444;20545
22448;20546
22450;20548
25402;20549
25404;20550
25406;20551
25407;20552
25415;20555
22463;20556
25432;20557
25434;20558
22470;20559
22471;20560
22475;20561
22479;20562
25439;20563
25448;20565
25450;20566
25458;20569
25469;20570
25475;20572
25479;20573
25483;20574
22510;20575
25493;20576
22516;20577
22518;20578
22520;20579
22521;20580
22523;20581
22528;20582
22530;20583
22531;20584
25505;20585
25507;20586
25509;20587
22543;20588
22544;20589
25517;20591
22548;20593
25522;20594
25525;20595
22555;20596
25533;20597
22561;20598
25537;20599
25538;20600
25544;20601
22582;20602
22592;20604
22598;20605
22600;20606
25562;20607
25564;20609
25568;20610
25580;20612
25581;20613
25583;20614
25584;20615
25596;20616
25600;20617
25601;20618
25602;20619
25603;20620
25604;20621
25606;20622
25610;20623
22634;20624
25617;20625
25618;20626
25627;20628
22647;20629
25632;20630
22658;20631
22659;20632
25641;20633
22661;20634
22665;20635
22676;20636
22679;20637
25659;20638
25666;20639
22692;20640
22701;20641
25701;20643
25703;20644
25709;20645
25716;20647
25719;20648
22729;20649
25725;20650
22744;20651
25738;20652
22749;20653
22755;20654
25749;20656
25753;20657
25755;20658
25766;20663
25773;20664
25781;20666
25783;20667
25788;20668
25789;20669
25791;20671
22797;20673
25800;20674
22805;20675
25813;20676
25816;20677
25836;20678
25839;20679
22825;20680
25842;20681
22833;20682
22835;20683
22841;20684
22843;20685
22848;20686
25864;20687
22852;20688
25869;20689
25875;20690
25880;20692
25882;20693
22864;20694
25889;20695
25892;20696
22875;20697
25896;20698
25900;20699
22880;20700
25902;20701
22885;20702
22905;20705
22909;20706
25930;20707
22923;20708
25938;20709
25941;20712
25949;20715
25957;20716
22941;20718
25966;20720
25967;20721
25969;20722
25973;20723
25987;20726
25995;20727
48042;20728
22979;20729
26016;20731
26020;20734
26023;20735
26025;20736
26032;20737
22997;20738
26043;20739
23006;20741
26079;20744
23035;20745
23037;20746
26087;20747
26091;20748
26092;20749
23054;20750
26096;20751
26098;20752
26104;20753
23065;20754
26107;20755
26108;20756
23068;20757
26113;20758
26114;20759
26116;20760
23080;20762
23087;20764
23089;20765
26141;20766
23091;20767
26144;20768
26145;20769
23102;20770
23103;20771
23105;20773
26158;20774
23123;20775
23128;20777
23141;20778
26187;20779
26189;20780
26193;20781
26198;20782
26200;20783
23181;20784
26214;20785
26217;20786
23191;20787
26223;20788
26225;20789
23200;20790
26234;20791
26241;20792
23219;20793
26256;20794
26259;20795
23231;20796
26262;20797
23232;20798
26265;20799
23239;20800
23246;20801
23257;20803
23261;20804
23262;20805
26268;20806
23268;20807
26282;20809
26283;20810
26290;20811
23297;20812
26330;20814
23315;20815
26337;20816
26343;20817
23337;20819
23343;20820
23344;20821
26367;20822
26373;20823
26374;20824
26375;20825
26385;20826
26396;20828
26397;20829
23364;20830
26405;20832
26406;20833
23380;20836
26419;20837
26422;20838
23389;20839
26427;20840
23393;20841
23395;20842
26434;20843
23404;20845
23413;20847
26455;20849
23423;20851
23429;20852
23438;20853
23442;20854
26474;20855
23456;20856
26492;20857
23464;20858
23466;20859
26494;20860
26496;20861
26504;20862
26510;20863
26515;20864
23490;20865
26521;20867
23498;20868
26529;20869
26530;20870
23500;20871
26531;20872
26536;20873
23511;20874
26542;20875
26555;20877
26556;20878
26560;20880
26561;20881
23523;20882
26563;20883
23532;20884
26574;20885
26575;20886
26576;20887
23540;20888
23541;20889
23543;20890
23560;20892
26616;20897
23580;20898
23581;20899
26618;20900
26619;20901
23583;20902
26621;20903
23592;20904
23599;20905
23606;20907
26630;20908
26648;20911
23617;20912
26665;20915
26667;20916
23636;20917
23638;20918
23643;20919
26683;20920
26706;20923
23675;20925
26708;20926
26731;20928
26735;20929
26739;20931
26742;20933
26749;20935
26750;20936
23698;20937
23699;20938
23701;20939
23703;20940
26757;20941
26761;20943
26764;20944
26767;20945
26768;20946
23723;20948
26792;20949
26794;20950
23732;20951
26798;20952
26803;20953
23742;20954
26808;20955
26825;20957
23755;20958
23756;20959
26842;20960
26844;20961
26847;20962
26850;20963
26883;20964
26884;20965
23801;20966
26908;20967
26918;20968
26933;20970
26948;20972
26952;20973
26963;20975
26964;20976
26971;20977
26973;20978
26974;20979
23843;20980
26979;20981
26984;20982
26997;20983
26998;20984
27009;20985
27016;20986
27017;20987
27018;20988
27023;20989
27025;20990
27040;20992
23877;20993
27044;20994
27059;20995
27075;20997
27078;20998
27123;21010
27125;21011
27127;21013
27134;21014
27138;21015
27140;21016
27143;21018
23996;21021
27150;21022
27162;21023
27173;21024
27178;21026
27181;21027
27193;21029
24024;21030
24031;21033
24041;21036
24052;21037
27225;21038
27249;21040
27264;21041
24089;21042
27276;21044
27277;21045
27278;21046
27288;21047
27292;21048
27299;21050
24115;21052
27306;21053
24129;21054
24135;21055
24137;21056
27320;21057
27321;21058
27322;21059
27325;21061
27337;21062
27344;21063
27363;21064
27373;21066
27401;21069
27409;21070
27413;21071
24207;21072
24227;21074
27445;21075
24234;21076
27466;21077
24242;21078
27467;21079
24246;21081
24250;21082
27492;21083
24267;21084
27499;21085
24283;21087
24293;21089
27539;21091
27548;21092
24330;21093
24336;21094
27580;21095
27584;21096
24359;21098
27597;21099
27614;21101
24376;21103
27656;21105
27683;21107
27690;21108
27700;21109
24429;21112
27728;21113
27730;21114
27745;21116
27748;21118
27749;21119
27769;21121
24468;21122
24478;21125
27800;21127
27802;21128
27811;21129
27820;21130
36124;21166
36133;21167
36142;21168
36165;21169
36188;21170
36177;21171
36220;21172
36289;21173
36328;21174
36391;21175
36470;21176
36479;21177
36481;21178
36570;21179
36598;21180
36600;21181
36679;21182
36707;21184
36809;21185
36864;21186
36884;21187
36915;21189
36917;21190
37034;21192
37040;21193
37203;21195
37493;21197
37515;21198
37651;21199
37655;21200
37658;21201
37900;21204
38048;21205
38057;21206
38147;21207
38176;21209
38178;21210
38226;21211
38260;21214
38317;21215
38394;21216
38493;21217
38507;21218
38509;21219
38511;21220
38722;21223
38742;21225
38858;21229
38972;21230
39101;21231
39138;21232
39152;21233
39156;21234
39226;21235
39355;21237
39357;21238
39454;21239
39868;21241
39980;21242
40212;21243
40263;21244
40265;21245
40360;21247
40921;21250
40931;21251
41079;21252
41082;21253
25399;21254
41342;21255
41344;21256
41368;21257
41391;21258
41930;21261
41946;21262
41948;21263
41953;21264
42031;21266
42086;21268
42104;21270
42116;21271
42122;21272
42138;21274
42144;21275
42169;21276
42187;21277
42189;21278
42242;21279
42245;21280
42256;21281
42264;21282
42272;21283
42285;21285
42289;21286
42297;21287
42300;21288
42342;21291
42361;21294
42379;21295
42409;21296
42473;21299
42480;21301
42500;21302
42530;21304
42562;21305
42573;21306
42584;21307
42587;21308
42611;21309
42641;21314
42692;21317
42703;21318
42711;21320
42714;21321
42731;21322
42744;21324
42760;21325
42782;21329
42790;21330
42793;21331
42808;21332
42820;21334
42826;21336
42832;21337
42858;21339
42871;21341
42886;21342
42889;21343
51668;21346
42957;21347
42975;21350
42981;21351
42984;21352
43484;21354
43526;21357
43565;21360
43571;21361
43577;21362
43598;21364
43601;21365
43647;21367
43687;21370
43689;21371
43703;21372
43720;21375
43731;21376
43747;21377
43770;21378
43787;21379
43824;21380
43833;21381
43874;21384
43879;21385
43881;21386
43898;21389
43909;21392
43926;21395
43930;21396
43968;21399
43974;21400
43976;21401
43987;21402
44010;21404
44015;21406
44031;21407
44053;21409
44055;21410
44096;21411
44112;21413
44114;21414
44120;21416
44145;21417
44147;21418
44183;21420
44191;21421
44206;21422
44213;21423
44217;21425
44257;21427
44259;21428
44272;21429
44281;21430
44285;21431
44297;21432
44319;21435
44336;21436
44337;21437
44342;21438
44351;21441
44365;21442
44373;21443
44393;21444
44401;21445
44739;21448
44749;21449
44767;21451
44770;21452
44776;21453
44778;21454
44788;21455
44818;21457
44823;21458
44829;21460
44833;21461
44856;21462
44862;21463
44868;21464
44872;21465
44877;21467
44879;21468
44893;21469
44900;21470
44924;21473
44965;21477
44968;21478
44973;21479
44999;21480
45010;21481
45069;21485
45071;21486
45092;21487
45105;21489
45112;21490
45118;21491
45131;21492
45183;21495
45215;21496
45224;21497
45244;21498
45259;21500
45261;21501
45271;21502
45273;21503
45277;21504
45289;21508
45302;21509
45307;21510
45313;21511
45320;21513
45347;21515
45354;21516
45364;21519
45368;21520
45373;21521
45406;21522
45446;21525
45448;21526
45452;21527
45459;21529
45464;21530
45469;21531
45475;21532
45490;21535
45519;21537
45523;21538
45550;21540
45575;21542
45579;21543
45596;21544
45621;21546
45629;21548
45635;21549
45637;21550
45644;21551
45651;21552
45657;21553
45659;21554
45675;21555
45680;21556
45698;21559
45744;21560
45753;21561
45761;21563
45765;21565
45792;21568
45804;21569
45811;21571
45823;21572
45862;21575
45882;21577
45884;21578
45894;21579
45897;21580
45900;21581
45910;21582
46192;21584
46430;21586
46437;21587
46441;21588
46448;21590
46466;21592
46476;21593
46499;21595
46501;21596
46528;21598
46538;21599
46547;21600
46557;21601
46590;21602
46622;21604
46624;21605
46661;21607
46663;21608
46711;21610
46718;21611
46721;21612
46731;21613
46741;21616
46775;21618
46791;21619
46802;21620
46817;21622
46870;21624
46818;21628
46885;21630
46923;21631
46965;21634
47011;21635
47030;21637
47035;21638
47049;21640
47055;21641
47057;21642
47075;21644
47101;21645
47103;21646
47121;21647
47177;21649
47203;21652
47209;21653
47211;21654
47222;21656
47225;21657
47240;21658
47244;21660
47267;21661
47325;21662
47329;21663
47344;21665
47380;21668
47393;21669
47405;21670
47412;21672
47418;21673
47434;21674
47448;21676
47470;21677
47489;21679
47502;21681
47507;21682
47511;21683
47518;21684
47525;21685
47529;21687
47532;21688
47535;21689
47537;21690
47541;21691
47550;21692
47555;21693
47558;21694
47573;21696
47600;21697
47609;21698
47643;21701
47667;21702
47702;21704
47706;21705
47724;21708
47731;21709
47739;21710
47741;21711
47759;21714
47765;21715
47792;21717
47812;21718
47842;21720
47846;21721
47871;21722
47894;21723
47933;21725
47948;21726
47957;21728
47960;21729
47965;21730
48007;21733
48013;21734
48015;21735
48017;21736
48056;21740
48061;21741
48073;21743
48081;21744
48084;21745
48087;21746
48112;21751
48119;21753
48126;21755
48131;21756
48139;21757
48141;21758
48143;21759
48153;21760
48156;21761
48159;21762
48178;21763
48197;21766
48239;21770
48242;21771
48258;21775
48266;21776
48270;21777
48273;21778
48283;21779
48291;21780
48298;21782
48304;21784
48307;21785
48337;21789
48348;21791
48354;21792
48383;21794
48424;21798
48437;21799
48440;21800
48453;21801
48457;21803
48473;21804
48477;21805
48501;21807
48515;21809
48521;21810
48529;21811
48543;21812
48550;21813
48553;21814
48558;21815
48570;21816
48581;21817
48618;21821
48641;21824
48651;21825
48653;21826
48657;21827
48669;21829
48671;21830
48677;21832
48685;21833
48689;21834
48705;21835
48745;21840
48757;21842
48760;21843
48773;21844
48843;21846
48858;21849
48864;21850
48884;21851
48893;21852
48897;21854
48925;21855
48927;21856
48935;21858
48950;21860
48962;21862
48987;21864
48995;21865
49005;21866
49013;21868
49017;21870
49019;21871
49028;21872
49040;21875
49051;21877
49068;21879
49071;21880
49078;21881
49090;21882
49095;21883
49100;21884
49110;21885
49138;21888
49139;21889
49150;21890
49162;21891
49173;21892
49178;21893
49188;21894
49191;21895
49209;21897
49216;21898
49222;21899
49255;21902
49276;21903
49307;21904
49309;21905
49316;21907
49325;21909
49327;21910
49331;21911
49352;21914
49360;21916
49362;21917
49368;21918
49378;21919
49382;21920
49385;21921
49396;21922
49408;21924
49410;21925
49412;21926
49414;21927
49424;21928
49436;21929
49443;21930
49452;21932
49468;21934
49483;21936
49492;21938
49501;21940
49551;21942
49553;21943
49558;21945
49590;21949
49597;21950
49601;21951
49613;21952
49615;21953
49632;21954
49659;21958
49675;21960
49682;21962
49705;21963
49707;21964
49724;21966
49732;21968
49735;21969
49737;21970
49747;21973
49749;21974
49754;21976
49769;21978
49772;21979
49776;21980
49795;21983
49799;21984
49808;21986
49817;21987
49821;21989
49863;21994
49865;21995
49877;21996
49890;21997
49894;21998
49926;22001
49958;22003
49965;22004
49989;22008
49991;22009
50002;22010
50029;22011
50045;22014
50050;22015
50052;22016
50064;22019
50093;22021
50117;22024
50128;22026
50139;22027
50181;22032
50190;22033
50192;22034
50208;22036
50210;22037
50227;22039
50231;22040
50235;22042
50237;22043
50287;22049
50289;22050
50291;22051
50295;22052
50301;22053
50308;22055
50313;22057
50315;22058
50317;22059
50319;22060
50321;22061
50332;22062
50351;22066
50384;22068
50392;22069
50396;22070
50398;22071
50400;22072
50402;22073
50406;22074
50412;22075
50414;22076
50439;22081
50442;22082
50445;22083
50447;22084
50455;22087
50463;22088
50466;22089
50473;22090
50480;22091
50482;22092
50507;22095
50527;22098
50529;22099
50538;22100
50540;22101
50545;22102
50561;22107
50569;22108
50599;22112
50613;22113
50615;22114
50644;22120
50663;22122
50665;22123
50671;22124
50679;22126
50681;22127
50683;22128
50686;22129
50707;22130
50712;22131
50716;22132
50723;22133
50731;22134
50733;22135
50737;22136
50742;22137
50754;22138
50756;22139
50758;22140
50760;22141
50762;22142
50765;22143
50767;22144
50769;22145
50772;22146
50780;22148
50779;22149
50783;22150
50787;22151
50791;22152
50805;22153
50810;22154
50812;22155
50814;22156
50823;22157
50850;22159
50856;22161
50860;22163
50862;22164
50868;22165
50887;22166
50891;22167
50910;22170
50917;22172
50921;22174
50923;22175
50958;22176
50961;22177
50984;22178
50988;22179
50997;22181
51001;22183
51007;22185
51018;22187
51020;22188
51038;22191
51048;22193
51054;22194
51056;22195
51058;22196
51067;22198
51072;22199
51076;22200
51103;22204
51108;22205
51110;22206
51112;22207
51120;22209
51122;22210
51128;22211
51130;22212
51145;22215
51147;22216
51162;22220
51197;22225
51210;22227
51239;22231
51243;22232
51249;22234
51254;22235
51258;22236
51265;22237
51281;22238
51314;22243
51316;22244
51318;22245
51322;22247
51326;22249
51332;22251
51338;22253
51346;22254
51363;22256
51369;22257
51372;22258
51374;22259
51376;22260
51390;22261
51405;22263
51415;22264
51426;22269
51435;22270
51441;22271
51443;22272
51457;22274
51459;22275
51464;22277
51468;22278
51470;22279
51475;22281
51484;22282
51490;22283
51501;22284
51505;22285
51507;22286
51511;22287
51519;22288
51521;22289
51535;22291
51537;22292
51541;22293
51573;22294
51575;22295
51578;22296
51600;22299
51619;22304
51626;22305
51629;22306
51650;22309
51665;22311
51690;22314
51695;22315
51698;22316
51705;22318
51707;22319
51724;22321
51735;22322
51738;22323
51753;22326
51770;22327
51773;22328
51783;22330
51819;22332
51825;22333
51854;22337
51861;22339
51870;22341
51873;22342
51882;22343
51906;22346
51914;22348
51919;22349
51922;22350
51927;22352
51939;22353
51979;22356
51973;22357
52000;22359
52002;22360
52014;22361
52022;22362
52025;22363
52027;22364
52031;22365
52047;22367
52062;22369
52067;22370
52072;22371
52076;22372
52078;22373
52083;22374
52090;22375
52089;22376
52102;22377
52113;22379
52115;22380
52117;22381
52120;22382
52129;22383
52131;22384
52140;22385
52145;22386
52148;22387
52158;22388
52169;22392
52171;22393
52173;22394
52175;22395
52193;22397
52208;22400
52231;22401
52228;22402
52238;22403
52245;22405
52248;22406
52338;22407
52343;22408
52354;22409
52357;22410
52362;22412
52370;22413
52377;22414
52386;22415
52390;22417
52397;22418
52399;22419
52401;22420
52404;22421
52406;22422
52415;22423
52426;22424
52442;22427
52452;22430
52463;22432
52499;22440
52501;22441
52520;22445
52525;22446
52535;22447
52538;22448
52537;22449
52541;22450
52574;22457
52585;22458
52589;22460
52623;22464
52625;22465
52630;22466
52636;22467
52639;22468
52651;22469
52657;22471
52663;22472
52677;22476
52679;22477
52688;22478
52694;22479
52696;22480
52703;22483
52713;22484
52721;22486
52723;22487
52738;22488
52741;22489
52748;22491
52754;22492
52756;22493
52775;22495
52779;22497
52781;22498
52783;22499
52785;22500
52789;22502
52793;22504
52840;22507
52844;22508
52846;22509
52848;22510
52859;22512
52868;22513
52874;22514
52878;22515
52882;22516
52884;22517
52922;22518
52932;22522
52938;22523
52947;22524
52951;22526
52953;22528
52980;22535
52982;22536
52985;22537
52996;22539
52998;22540
53000;22541
53004;22542
53008;22543
53010;22544
53012;22545
53017;22546
53021;22547
53027;22550
53029;22551
53031;22552
53033;22553
53036;22554
53038;22555
53040;22556
53054;22558
53058;22559
53065;22561
53067;22562
53084;22564
53092;22565
53100;22566
53103;22567
53108;22569
53112;22570
53114;22571
53122;22574
53125;22575
53127;22576
53130;22577
53132;22578
53136;22579
53141;22581
53143;22582
53157;22585
53160;22587
53167;22588
53174;22590
53185;22593
53187;22594
53189;22595
53202;22598
53204;22599
53208;22601
53217;22603
53222;22604
53224;22605
53226;22606
53236;22610
53238;22611
53241;22612
53243;22613
53264;22616
53269;22618
53283;22621
53286;22622
53288;22623
53291;22624
53293;22625
53297;22627
53310;22629
53320;22633
53349;22638
53358;22641
53366;22643
53369;22644
53372;22645
53378;22646
53380;22647
53382;22648
53389;22650
53391;22651
53403;22655
53405;22656
53407;22657
53409;22658
53415;22659
53417;22660
53423;22662
53427;22664
53432;22665
53442;22667
53445;22669
53455;22670
53466;22673
53478;22675
53481;22677
53483;22678
53489;22680
53491;22681
53497;22682
53505;22684
53509;22686
53511;22687
53523;22688
53535;22689
53537;22690
53541;22692
53543;22693
53549;22694
53556;22696
53558;22697
53560;22698
53563;22699
53576;22703
53578;22704
53580;22705
53584;22706
53585;22707
53591;22709
53598;22710
53603;22712
53613;22713
53615;22714
53617;22715
53619;22716
53624;22718
53633;22720
53635;22721
53637;22722
53642;22723
53655;22726
53661;22728
53667;22731
53673;22732
53675;22733
53678;22734
53680;22735
53701;22738
53707;22739
53709;22740
53711;22741
53715;22743
53717;22744
53719;22745
53726;22746
53733;22747
53735;22748
53748;22752
53757;22753
53759;22754
53771;22757
53780;22759
53782;22760
53784;22761
53789;22763
53803;22767
53804;22768
53808;22769
53812;22771
53814;22772
53816;22773
53819;22774
53955;22776
53957;22777
53964;22778
53973;22780
53986;22783
53988;22784
54001;22786
54008;22788
54010;22789
54012;22790
54014;22791
54020;22792
54026;22794
54029;22795
54037;22797
54040;22798
54043;22799
54048;22801
54077;22805
54085;22808
54087;22809
54111;22811
54119;22813
54133;22815
54141;22818
54144;22819
54146;22820
54148;22822
54156;22825
54158;22826
54164;22827
54166;22828
54168;22829
54170;22830
54176;22831
54178;22832
54187;22835
54197;22837
54201;22838
54205;22840
54210;22841
54213;22842
54217;22844
54219;22845
54221;22846
54235;22853
54237;22854
54241;22856
54245;22857
54248;22858
54251;22859
54256;22860
54258;22861
54262;22862
54266;22863
54271;22865
54275;22866
54277;22867
54280;22868
54288;22872
54293;22874
54297;22875
54301;22876
54303;22877
54309;22878
54322;22882
54326;22883
54330;22885
54347;22889
54351;22890
54353;22891
54356;22892
54358;22893
54361;22894
54363;22895
54377;22899
54380;22900
54382;22901
54388;22902
54390;22903
54402;22904
54404;22905
54407;22906
54410;22907
54425;22908
54431;22909
54444;22914
54446;22915
54448;22916
54452;22917
54456;22919
54459;22920
54461;22921
54471;22926
54477;22928
54479;22929
54490;22931
54496;22933
54498;22934
54503;22936
54530;22939
54532;22940
54547;22944
54565;22946
54567;22947
54569;22948
54571;22949
54573;22950
54582;22953
54584;22954
54590;22957
54615;22965
54617;22966
54619;22967
54621;22968
54628;22969
54631;22970
54640;22971
54642;22972
54649;22974
54652;22975
54659;22976
54661;22977
54664;22978
54667;22979
54669;22980
54671;22981
54673;22982
54676;22983
54688;22984
54691;22985
54701;22989
54707;22990
54730;22996
54732;22997
54736;22998
54738;22999
54751;23002
54754;23003
54759;23004
54763;23005
54765;23006
54772;23007
54774;23008
54778;23010
54781;23011
54798;23013
54802;23014
54804;23015
54813;23016
54818;23017
54823;23018
54826;23019
54828;23020
54832;23021
51262;23022
54859;23025
54881;23032
54883;23033
54894;23035
54898;23037
54916;23044
54920;23046
54922;23047
54951;23053
54958;23056
54960;23057
54965;23058
54975;23063
54986;23064
54988;23065
54991;23066
54994;23067
54999;23069
55009;23074
55014;23075
55017;23076
55019;23077
55034;23082
55037;23083
55040;23084
55048;23086
55050;23087
55058;23088
55068;23090
55070;23091
55085;23096
55087;23097
55091;23099
55108;23101
55110;23102
55112;23103
55119;23104
55126;23105
55143;23108
55145;23109
55147;23110
55149;23111
55151;23112
55157;23115
55161;23116
55188;23117
55191;23118
55202;23120
55215;23121
55217;23122
55219;23123
55221;23124
55223;23125
55225;23126
55227;23127
55256;23132
55259;23133
55261;23134
55263;23135
55265;23136
55276;23137
55278;23138
55280;23139
55282;23140
55284;23141
55286;23142
55288;23143
55290;23144
55292;23145
55294;23146
55297;23147
55306;23149
55308;23150
55310;23151
55312;23152
55315;23153
55317;23154
55319;23155
55321;23156
55323;23157
55332;23158
55340;23160
55345;23161
55347;23162
55350;23163
55352;23164
55361;23168
55363;23169
55365;23170
55367;23171
55379;23174
55381;23175
55383;23176
55386;23177
55391;23179
55389;23180
55396;23182
55403;23183
55407;23185
55409;23186
55411;23187
55418;23189
55420;23190
55434;23193
55436;23194
55440;23195
55443;23196
55446;23197
55448;23198
55462;23200
55481;23203
55487;23206
55494;23207
55496;23208
55504;23209
55508;23210
55510;23211
55512;23212
55514;23213
55517;23214
55520;23215
55529;23216
55531;23217
55540;23221
55546;23222
55550;23223
55561;23224
55565;23225
55567;23226
55571;23228
55573;23229
55579;23231
55581;23232
55583;23233
55592;23234
55595;23235
55951;23239
55953;23240
55968;23241
55970;23242
55980;23247
55982;23248
56006;23251
56018;23252
56031;23253
56034;23254
56039;23255
56041;23256
56043;23257
56045;23258
56049;23259
56056;23261
56064;23262
56066;23263
56081;23266
56097;23267
56113;23270
56116;23271
56118;23272
56120;23273
56123;23274
56125;23275
56136;23277
56138;23278
56148;23280
56165;23282
56170;23283
56172;23284
56176;23285
56177;23286
56179;23287
56183;23288
56185;23289
56193;23290
56207;23295
56215;23299
56217;23300
56219;23301
56221;23302
56224;23303
56226;23304
56228;23305
56231;23306
56233;23307
56239;23308
56243;23309
56245;23310
56249;23312
56251;23313
56253;23314
56257;23316
56259;23317
56311;23329
56319;23332
56321;23333
56332;23337
56352;23345
56356;23346
56358;23347
56368;23349
56372;23351
56393;23355
56397;23356
56399;23357
56409;23359
56416;23360
56423;23361
56431;23364
56433;23365
56436;23367
56438;23368
56440;23369
56443;23370
56447;23371
56449;23372
56451;23373
56453;23374
56455;23375
56458;23376
56466;23379
56468;23380
56470;23381
56472;23382
56480;23384
56482;23385
56490;23386
56495;23387
56497;23388
56501;23389
56505;23390
56518;23393
56520;23394
56527;23397
56531;23398
56534;23399
56538;23400
56540;23401
56543;23402
56546;23403
56563;23407
56565;23408
56568;23409
56571;23411
56573;23412
56575;23413
56577;23414
56591;23416
56593;23417
56596;23418
56599;23419
56606;23424
56608;23425
56610;23426
56645;23431
56647;23432
56649;23433
56651;23434
56655;23435
56663;23438
56672;23441
56677;23442
56686;23443
56703;23444
56705;23445
56707;23446
56709;23447
56713;23448
56715;23449
56717;23450
56720;23451
56725;23453
56730;23454
56732;23455
56734;23456
56739;23457
56742;23458
56748;23459
56750;23460
56752;23461
56754;23462
56759;23463
56771;23464
56773;23465
56775;23466
56781;23468
56787;23470
56789;23471
56795;23474
56797;23475
56799;23476
56801;23477
56803;23478
56819;23485
56821;23486
56834;23489
56839;23490
56842;23491
56858;23496
56860;23497
56862;23498
56864;23499
56876;23500
56881;23502
56886;23503
56904;23504
56909;23505
56918;23508
56921;23509
56920;23510
56932;23512
56934;23513
56936;23514
56939;23515
56941;23516
56943;23517
56951;23520
56953;23522
56970;23525
56973;23526
56977;23527
56980;23528
56982;23529
56984;23530
56986;23531
56990;23532
56997;23533
56995;23534
57004;23535
57010;23536
57012;23537
57020;23540
57022;23541
57025;23542
57039;23546
57043;23547
57050;23549
57052;23550
57054;23551
57060;23552
57062;23553
57064;23554
57066;23555
57068;23556
57070;23557
57072;23558
57074;23559
57078;23560
57083;23562
57089;23564
57091;23565
57093;23566
57095;23567
57097;23568
57102;23569
57104;23570
57110;23571
57118;23572
57197;23573
57222;23574
57228;23575
57475;23576
22208;23577
51115;22208
23707;23578
57796;23579
57801;23580
58380;23583
23830;23584
63911;23588
63961;23589
63969;23590
63974;23591
64004;23592
64099;23593
64106;23594
64110;23595
64128;23596
64154;23597
64284;23600
64357;23601
64451;23602
64502;23603
64578;23604
67911;23605
71339;23606
73171;23607
74180;23608
74187;23609
74329;23611
74416;23613
74452;23614
74656;23615
74707;23617
74821;23618
74919;23619
75080;23620
75139;23621
75241;23622
75287;23623
75309;23624
75447;23625
76118;23627
76215;23630
76217;23631
76222;23632
76399;23633
76935;23635
77142;23636
77252;23637
77254;23638
77412;23640
77613;23641
77618;23642
77653;23643
77664;23644
77712;23645
77839;23646
77887;23647
78033;23649
78074;23650
78088;23651
78204;23652
78380;23653
78622;23655
78650;23657
78726;23659
78760;23660
78799;23661
78803;23662
78939;23663
79043;23665
79318;23666
79346;23667
79391;23668
79543;23669
79580;23670
79819;23671
79943;23672
85893;23677
86004;23678
86045;23679
86047;23680
86074;23682
86100;23683
86105;23684
86124;23685
26163;23686
92517;23687
92552;23688
92556;23689
93108;23690
95180;23693
95349;23696
95389;23697
95401;23699
95450;23700
95458;23702
95464;23703
95533;23704
95573;23705
95576;23706
95583;23707
95608;23708
95662;23709
52444;22428
54577;22952
